 firstName,lastName
enquiry test 1,enquiry lastname 1
enquiry test 2,enquiry lastname 2
enquiry test 3,enquiry lastname 3
enquiry test 4,enquiry lastname 4
enquiry test 5,enquiry lastname 5
enquiry test 6,enquiry lastname 6
enquiry test 7,enquiry lastname 7
enquiry test 8,enquiry lastname 8
enquiry test 9,enquiry lastname 9
enquiry test 10,enquiry lastname 10
enquiry test 11,enquiry lastname 11
enquiry test 12,enquiry lastname 12
enquiry test 13,enquiry lastname 13
enquiry test 14,enquiry lastname 14
enquiry test 15,enquiry lastname 15
enquiry test 16,enquiry lastname 16
enquiry test 17,enquiry lastname 17
enquiry test 18,enquiry lastname 18
enquiry test 19,enquiry lastname 19
