firstName,lastName,phone,leadSource,email,leadStatus
test,data 1,9944008855,Web,testdata1@gmail.com,Open-Not Contacted
test,data 2,9944008855,Web,testdata2@gmail.com,Open-Not Contacted
test,data 3,9944008855,Web,testdata3@gmail.com,Open-Not Contacted
test,data 4,9944008855,Web,testdata4@gmail.com,Open-Not Contacted
test,data 5,9944008855,Web,testdata5@gmail.com,Open-Not Contacted
test,data 6,9944008855,Web,testdata6@gmail.com,Open-Not Contacted
test,data 7,9944008855,Web,testdata7@gmail.com,Open-Not Contacted
test,data 8,9944008855,Web,testdata8@gmail.com,Open-Not Contacted
test,data 9,9944008855,Web,testdata9@gmail.com,Open-Not Contacted
test,data 10,9944008855,Web,testdata10@gmail.com,Open-Not Contacted
